,val_mse,val_mae
0,4.639352321624756,1.5279920101165771
1,14.97159194946289,2.748382568359375
2,8.987875938415527,2.4507791996002197
3,2.3291196823120117,1.2402772903442383
4,2.1291518211364746,1.1114423274993896
5,3.051429033279419,1.4530003070831299
6,1.047334909439087,0.8162678480148315
7,3.6984598636627197,1.6306405067443848
