,train_loss,val_loss
0,3.316790424785071,3.6775333429715444
1,3.316790424785071,3.6775333429715444
2,3.316790424785071,3.6775333429715444
3,3.316790424785071,3.6775333429715444
4,3.316790424785071,3.6775333429715444
5,3.316790424785071,3.6775333429715444
6,3.316790424785071,3.6775333429715444
7,3.316790424785071,3.6775333429715444
8,3.316790424785071,3.6775333429715444
9,3.316790424785071,3.6775333429715444
