,train_RMSE,train_MAE,test_RMSE,test_mae
0,0.7166322469711304,0.5458092093467712,1.077377438545227,0.6575340628623962
1,0.8018690943717957,0.5557128190994263,1.0307362079620361,0.6412227153778076
2,0.6600537896156311,0.5057110786437988,0.8814733028411865,0.5903061628341675
3,0.7181020379066467,0.513308048248291,0.7157302498817444,0.5132666230201721
4,0.7869890332221985,0.5540047883987427,0.809108555316925,0.5603084564208984
5,0.7402939796447754,0.5426266193389893,0.8010799884796143,0.5431000590324402
