,train_RMSE,train_MAE,test_RMSE,test_mae
0,0.21929825842380524,0.23635023832321167,0.506630003452301,0.4029911756515503
1,0.09682787209749222,0.20455777645111084,0.3499417006969452,0.33813396096229553
2,1.0744612216949463,0.9241372346878052,0.8047481775283813,0.8125407695770264
3,0.16251742839813232,0.2445063591003418,0.5410129427909851,0.38787904381752014
4,0.12206707894802094,0.19781430065631866,0.4895002841949463,0.34445762634277344
5,0.15400177240371704,0.2835889756679535,0.358310729265213,0.3318399488925934
6,1.0339475870132446,0.8525946736335754,0.7765786647796631,0.7565064430236816
