,train_RMSE,train_MAE,test_RMSE,test_mae
0,1.0329519510269165,0.8673208355903625,0.772759199142456,0.7665850520133972
1,0.18528489768505096,0.2666207253932953,0.24062591791152954,0.28763601183891296
2,0.30737438797950745,0.26427093148231506,0.06063345447182655,0.16710087656974792
3,1.0369629859924316,0.8451452255249023,0.7810980677604675,0.751823902130127
4,0.18887020647525787,0.2555444538593292,0.19918404519557953,0.22702273726463318
5,0.15200062096118927,0.24928593635559082,0.3367196023464203,0.3254915177822113
6,0.18259741365909576,0.2197330743074417,0.4075261652469635,0.30219969153404236
