,train_RMSE,train_MAE,test_RMSE,test_mae
0,13.035382270812988,3.059753894805908,9.765490531921387,2.70802640914917
1,0.502101719379425,0.25400182604789734,4.008325099945068,1.0757207870483398
2,13.251580238342285,3.1987359523773193,9.894427299499512,2.816311836242676
3,13.041706085205078,3.0421102046966553,9.783852577209473,2.6959052085876465
4,0.4846181869506836,0.23722662031650543,3.4382266998291016,1.0145885944366455
5,0.6450814008712769,0.2624727189540863,3.872739791870117,1.079628348350525
6,0.6982349157333374,0.2619314193725586,4.698058605194092,1.161604642868042
