,train_RMSE,train_MAE,test_RMSE,test_mae
0,0.585043728351593,0.4580361247062683,0.8216392397880554,0.5511629581451416
1,0.6239232420921326,0.46550700068473816,0.8053932189941406,0.5395780205726624
2,0.5153660178184509,0.42435941100120544,0.7585563659667969,0.5355712175369263
3,0.6352425813674927,0.46305713057518005,0.6995130181312561,0.5033643841743469
4,0.5954770445823669,0.4593648910522461,0.7088890075683594,0.518442690372467
5,0.5870963335037231,0.46063655614852905,0.7640781998634338,0.5391943454742432
