,train_RMSE,train_MAE,test_RMSE,test_mae
0,2.306844711303711,0.8680360317230225,1.9214959144592285,0.894728422164917
1,2.327749729156494,0.9536112546920776,1.9456435441970825,0.9880410432815552
2,2.303053379058838,0.8986652493476868,1.9190319776535034,0.9303247928619385
3,0.6525105834007263,0.49310702085494995,0.7734431028366089,0.5532131791114807
4,2.3073604106903076,0.8669810891151428,1.9219592809677124,0.8934012651443481
5,0.6773089170455933,0.5409554243087769,0.8287688493728638,0.5841132998466492
