,train_RMSE,train_MAE,test_RMSE,test_mae
0,1.8484982252120972,0.8249887824058533,1.6778912544250488,0.8789253234863281
1,13.623937606811523,3.189760208129883,9.935863494873047,2.8294286727905273
2,13.621828079223633,3.180185079574585,9.898101806640625,2.8172593116760254
3,1.3427059650421143,0.825376033782959,2.1079907417297363,1.0223902463912964
4,1.3834710121154785,0.7409746050834656,1.973533034324646,0.9281121492385864
5,1.7930803298950195,0.8463107943534851,1.4964947700500488,0.8257851004600525
