,site0,site1,site2,site3,site4,site5,site6,site7
0,1.6103582382202148,3.9304921627044678,3.736269950866699,2.6781160831451416,,2.573699474334717,0.9491555690765381,
