,site0,site1,site2,site3,site4,site5,site6,site7
0,0.9455260634422302,2.09871768951416,2.0959174633026123,2.0318946838378906,2.265817403793335,1.1881890296936035,2.339891195297241,2.2916316986083984
