,site0,site1,site2,site3,site4,site5,site6,site7
0,1.7294760942459106,2.051856756210327,2.0548152923583984,1.7627967596054077,1.501396656036377,1.0372731685638428,0.8717385530471802,2.04778790473938
