,site0,site1,site2,site3,site4,site5,site6,site7
0,0.8557411432266235,1.2084592580795288,1.3311187028884888,1.0050108432769775,0.6413974165916443,0.920830488204956,0.8676359057426453,1.3533376455307007
