,site0,site1,site2,site3,site4,site5,site6,site7
0,0.8143793940544128,1.7364497184753418,1.9245691299438477,1.2919623851776123,0.898019552230835,1.0177680253982544,1.4905428886413574,1.399067997932434
