,train_RMSE,train_MAE,test_RMSE,test_mae
0,43.33063888549805,2.9074926376342773,10.131975173950195,2.3798508644104004
1,,,,
2,20.7965087890625,3.09271240234375,15.023589134216309,2.693896532058716
3,,,,
4,14.70851993560791,3.1004388332366943,11.01140022277832,2.7153284549713135
5,,,,
