,0,1,2,train_loss,val_loss
0,0.007,8,0.3116,80.75466330308971,10.11009565125341
