,train_RMSE,train_MAE,test_RMSE,test_mae
0,0.766508162021637,0.5447351932525635,1.0003103017807007,0.6271199584007263
1,0.7901646494865417,0.5578168034553528,1.1257672309875488,0.6615996360778809
2,0.6247072219848633,0.47240588068962097,0.8243110775947571,0.5450605750083923
3,0.7768376469612122,0.5352335572242737,0.8132850527763367,0.556686520576477
4,0.7799137234687805,0.5457155108451843,0.8370818495750427,0.5553048849105835
5,0.655319094657898,0.5116845965385437,0.8612971901893616,0.576835572719574
