,train_RMSE,train_MAE,test_RMSE,test_mae
0,0.6461222171783447,0.5045486092567444,0.9199825525283813,0.5940006375312805
1,0.7336429953575134,0.5381356477737427,1.09348464012146,0.6582080125808716
2,0.6716427803039551,0.5109593272209167,0.8408153057098389,0.5908254384994507
3,0.768287181854248,0.5318461060523987,0.810295820236206,0.5602422952651978
4,0.7672550082206726,0.5474132895469666,0.8233112096786499,0.5635522603988647
5,0.6490055918693542,0.4879536032676697,0.7558576464653015,0.533948540687561
