,train_RMSE,train_MAE,test_RMSE,test_mae
0,0.6840846538543701,0.5294697284698486,0.9347754120826721,0.6338047981262207
1,0.6994496583938599,0.5284289121627808,0.8755329251289368,0.5665050745010376
2,0.7460496425628662,0.5844197273254395,1.039044737815857,0.7207006812095642
3,0.7124305367469788,0.5646411776542664,0.8601037263870239,0.6228259801864624
4,0.68808513879776,0.5292871594429016,0.7866337299346924,0.5652675628662109
5,0.7077105045318604,0.5464152097702026,0.8838037848472595,0.6092414855957031
