,train_RMSE,train_MAE,test_RMSE,test_mae
0,13.625443458557129,3.1926844120025635,9.948073387145996,2.8331258296966553
1,1.6353023052215576,0.8128143548965454,2.0588645935058594,0.9553473591804504
2,13.621828079223633,3.1801068782806396,9.89780330657959,2.8171579837799072
3,1.230009913444519,0.7229570746421814,1.8958386182785034,0.9304375648498535
4,1.574427604675293,0.7716265916824341,1.817258358001709,0.8596581816673279
5,1.2111215591430664,0.709502637386322,1.9670227766036987,0.9053271412849426
